id,diagnosis,perimeter_worst,area_se,concavity_se,perimeter_se,radius_se,fractal_dimension_se,area_worst,smoothness_se,area_mean,symmetry_se
842302,M,184.6,153.4,0.05373,8.589,1.095,0.006193,2019.0,0.006399,1001.0,0.03003
842517,M,158.8,74.08,0.0186,3.398,0.5435,0.003532,1956.0,0.005225,1326.0,0.01389
84300903,M,152.5,94.03,0.03832,4.585,0.7456,0.004571,1709.0,0.00615,1203.0,0.0225
84348301,M,98.87,27.23,0.05661,3.445,0.4956,0.009208,567.7,0.00911,386.1,0.05963
84358402,M,152.2,94.44,0.05688,5.438,0.7572,0.005115,1575.0,0.01149,1297.0,0.01756
843786,M,103.4,27.19,0.03672,2.217,0.3345,0.005082,741.6,0.00751,477.1,0.02165
844359,M,153.2,53.91,0.02254,3.18,0.4467,0.002179,1606.0,0.004314,1040.0,0.01369
84458202,M,110.6,50.96,0.02488,3.856,0.5835,0.005412,897.0,0.008805,577.9,0.01486
844981,M,106.2,24.32,0.03553,2.406,0.3063,0.003749,739.3,0.005731,519.8,0.02143
84501001,M,97.65,23.94,0.07743,2.039,0.2976,0.01008,711.4,0.007149,475.9,0.01789
845636,M,123.8,40.51,0.01101,2.466,0.3795,0.003042,1150.0,0.004029,797.8,0.0146
84610002,M,136.5,54.16,0.02791,3.564,0.5058,0.004144,1299.0,0.005771,781.0,0.02008
846226,M,151.7,116.2,0.0889,11.07,0.9555,0.01284,1332.0,0.003139,1123.0,0.04484
846381,M,112.0,36.58,0.05051,2.903,0.4033,0.003002,876.5,0.009769,782.7,0.02981
84667401,M,108.8,19.21,0.05501,2.061,0.2121,0.008093,697.7,0.006429,578.3,0.01961
84799002,M,124.1,32.55,0.04741,2.879,0.37,0.005466,943.2,0.005607,658.8,0.01857
848406,M,123.4,45.4,0.01998,3.195,0.4727,0.002085,1138.0,0.005718,684.5,0.0141
84862001,M,136.8,54.18,0.03188,3.854,0.5692,0.004142,1315.0,0.007026,798.8,0.01689
849014,M,186.8,112.4,0.03391,5.865,0.7582,0.001997,2398.0,0.006494,1260.0,0.01356
8510426,B,99.7,23.56,0.02387,2.058,0.2699,0.0023,711.2,0.008462,566.3,0.0198
8510653,B,96.09,14.67,0.01698,1.383,0.1852,0.002425,630.5,0.004097,520.0,0.01678
8510824,B,65.13,15.7,0.01985,1.909,0.2773,0.002968,314.9,0.009606,273.9,0.02027
8511133,M,125.1,44.91,0.06446,3.384,0.4388,0.004394,980.9,0.006789,704.4,0.03672
851509,M,188.0,93.99,0.01715,4.303,0.6917,0.001987,2615.0,0.004728,1404.0,0.01083
852552,M,177.0,102.6,0.02741,5.455,0.8068,0.002801,2215.0,0.006048,904.6,0.01468
852631,M,152.4,111.4,0.03732,7.276,1.046,0.007444,1461.0,0.008029,912.7,0.02308
852763,M,122.4,21.05,0.02681,2.11,0.2545,0.003711,896.9,0.004452,644.8,0.01454
852781,M,139.9,93.54,0.05081,5.632,0.8529,0.004217,1403.0,0.01075,1094.0,0.02293
852973,M,149.3,43.5,0.03576,3.498,0.439,0.002967,1269.0,0.005233,732.4,0.01768
853201,M,134.9,61.1,0.03407,4.655,0.6003,0.003742,1227.0,0.005627,955.1,0.01925
853401,M,160.5,105.0,0.05196,5.574,0.8307,0.00456,1670.0,0.006248,1088.0,0.02007
853612,M,119.4,41.0,0.04205,3.475,0.4825,0.005667,888.7,0.005551,440.6,0.02273
85382601,M,136.1,67.78,0.05042,3.999,0.6009,0.003854,1344.0,0.008268,899.3,0.02102
854002,M,161.4,68.17,0.03497,3.528,0.5558,0.003896,1813.0,0.005015,1162.0,0.01543
854039,M,132.7,35.03,0.02664,2.183,0.334,0.003817,1261.0,0.004185,807.2,0.01703
854253,M,133.5,45.19,0.03695,3.008,0.4615,0.002665,1229.0,0.005776,869.5,0.02789
854268,M,116.2,24.91,0.04815,2.657,0.286,0.004022,799.6,0.005878,633.0,0.02028
854941,B,84.46,14.16,0.01343,1.17,0.1839,0.001777,545.9,0.004352,523.8,0.02671
855133,M,95.54,106.0,0.01818,8.077,1.214,0.001754,698.8,0.006883,698.8,0.007882
855138,M,107.3,18.52,0.03049,1.545,0.213,0.003187,740.4,0.005367,559.2,0.01377
855167,M,102.5,20.53,0.0139,1.572,0.2385,0.001286,787.9,0.00328,563.0,0.0138
855563,M,87.22,16.97,0.02595,1.822,0.2366,0.00304,514.0,0.008064,371.1,0.01357
855625,M,177.4,104.9,0.09723,8.83,0.9811,0.007646,1651.0,0.006548,1104.0,0.05333
856106,M,113.1,31.33,0.02185,2.427,0.3704,0.003317,907.2,0.005072,545.2,0.01719
85638502,M,105.5,14.49,0.01452,1.334,0.1938,0.00172,740.7,0.00335,531.5,0.01113
857010,M,150.6,71.56,0.05554,4.293,0.6289,0.003535,1567.0,0.006294,1076.0,0.02428
85713702,B,57.26,8.205,0.01588,1.094,0.1563,0.002582,242.2,0.008968,201.9,0.02574
85715,M,102.8,24.25,0.02905,1.897,0.2871,0.003643,759.4,0.006532,534.6,0.01743
857155,B,89.88,19.87,0.02322,1.848,0.2636,0.002422,582.6,0.005488,449.3,0.01428
857156,B,99.0,20.2,0.02095,1.735,0.2338,0.001956,698.8,0.004455,561.0,0.01641
857343,B,82.98,28.47,0.01168,2.635,0.4062,0.001769,516.5,0.005857,427.9,0.02406
857373,B,96.08,14.55,0.01079,1.449,0.1872,0.002551,656.7,0.004477,571.8,0.01325
857374,B,83.67,17.47,0.01311,1.52,0.2273,0.002635,527.2,0.00721,437.6,0.01996
857392,M,135.1,98.81,0.02817,4.877,0.8337,0.005126,1321.0,0.003899,1033.0,0.02674
857438,M,117.7,29.91,0.01603,2.097,0.3105,0.001629,1030.0,0.004675,712.8,0.01095
85759902,B,81.81,23.47,0.01349,2.183,0.3249,0.002386,506.2,0.008328,409.0,0.03218
857637,M,170.1,102.5,0.02945,4.837,0.7275,0.002608,2145.0,0.006458,1152.0,0.01852
857793,M,115.7,40.09,0.02572,2.735,0.4226,0.004108,985.5,0.003659,656.9,0.01817
857810,B,90.24,32.96,0.000692,2.595,0.404,0.00299,624.1,0.007491,527.2,0.0219
858477,B,59.9,8.322,0.01981,1.046,0.1559,0.002788,274.9,0.01011,224.5,0.0209
858970,B,69.86,34.62,0.007665,3.312,0.5158,0.005953,368.6,0.007514,311.9,0.04183
858981,B,62.06,18.39,0.03,2.493,0.3582,0.003048,273.9,0.01193,221.8,0.03357
858986,M,119.1,60.78,0.06899,5.373,0.7036,0.006113,959.5,0.009407,645.7,0.017
859196,B,65.59,23.52,0.04312,2.608,0.4098,0.005822,310.1,0.008738,260.9,0.04192
85922302,M,111.8,36.46,0.02973,2.927,0.4255,0.003601,888.3,0.007781,499.0,0.01635
859283,M,114.6,35.24,0.02315,2.45,0.3577,0.003224,925.1,0.006703,668.3,0.019
859464,B,67.03,14.2,0.01714,1.66,0.2351,0.004237,330.7,0.01052,269.4,0.02279
859465,B,78.0,18.15,0.02063,1.831,0.2727,0.002146,466.7,0.009282,394.1,0.02183
859471,B,65.5,17.67,0.3038,1.885,0.3274,0.009559,324.7,0.009549,250.5,0.04197
859487,B,85.67,18.33,0.01585,1.471,0.2368,0.001906,554.9,0.007962,502.5,0.02254
859575,M,165.9,96.05,0.02269,5.486,0.7888,0.001698,1866.0,0.004444,1130.0,0.01386
859711,B,62.56,25.44,0.05671,3.168,0.5262,0.02193,284.4,0.01721,244.0,0.02541
859717,M,151.6,69.47,0.04252,3.705,0.5907,0.006299,1681.0,0.00582,929.4,0.01527
859983,M,110.3,23.35,0.01759,1.957,0.2787,0.00313,812.4,0.004717,584.1,0.0122
8610175,B,89.71,19.68,0.01826,1.74,0.2505,0.002304,611.1,0.004854,470.9,0.01386
8610404,M,128.8,79.25,0.035,5.029,0.7474,0.001948,1223.0,0.01082,817.7,0.0155
8610629,B,91.36,32.65,0.01162,2.652,0.4101,0.006164,605.5,0.0134,559.2,0.02572
8610637,M,150.1,134.8,0.04658,6.311,0.9806,0.007054,1610.0,0.00794,1006.0,0.02591
8610862,M,170.3,116.4,0.1091,8.649,0.9317,0.005987,1623.0,0.01038,1245.0,0.07895
8610908,B,91.88,20.35,0.02071,1.778,0.2655,0.002848,622.1,0.005293,506.3,0.01748
861103,B,84.53,24.62,0.02586,2.077,0.3251,0.003976,525.1,0.01037,401.5,0.01816
8611161,B,96.66,12.96,0.0398,1.535,0.286,0.004603,614.9,0.006794,520.0,0.02134
8611555,M,211.7,120.0,0.0573,7.382,0.8973,0.005893,2562.0,0.008166,1878.0,0.01065
8611792,M,141.3,67.1,0.02134,5.801,0.519,0.01039,1298.0,0.007545,1132.0,0.03056
8612080,B,87.78,16.16,0.02007,1.441,0.2271,0.002607,567.9,0.005969,443.3,0.01972
8612399,M,152.2,80.6,0.02806,4.782,0.6997,0.003755,1603.0,0.006471,1075.0,0.0237
86135501,M,108.4,38.87,0.05371,3.301,0.4204,0.003249,808.9,0.009369,648.2,0.02418
86135502,M,152.9,57.65,0.0371,3.055,0.5495,0.003337,1623.0,0.003872,1076.0,0.01964
861597,B,91.46,20.95,0.02703,2.203,0.2978,0.004463,574.7,0.007112,466.1,0.01958
861598,B,109.4,42.76,0.04436,3.814,0.5115,0.004841,803.6,0.005508,651.9,0.02427
861648,B,102.9,33.76,0.01121,2.279,0.3721,0.002893,803.7,0.004868,662.7,0.02085
861799,M,107.5,29.44,0.04531,2.075,0.3129,0.002142,830.9,0.009882,728.2,0.02471
861853,B,104.5,36.35,0.01358,2.701,0.4057,0.001435,830.6,0.004481,551.7,0.01069
862009,B,97.59,25.22,0.01872,2.099,0.295,0.001817,699.4,0.005884,555.1,0.01884
862028,M,123.5,47.14,0.04867,3.706,0.4768,0.00352,1025.0,0.00925,705.6,0.01498
86208,M,156.1,87.87,0.04232,4.554,0.7576,0.004411,1750.0,0.006016,1264.0,0.02657
86211,B,82.14,24.44,0.01131,2.41,0.3661,0.003408,495.2,0.005433,451.1,0.0222
862261,B,68.81,20.05,0.005308,2.132,0.335,0.005667,366.1,0.01113,294.5,0.01801
862485,B,82.96,15.75,0.01693,1.475,0.2315,0.002551,512.5,0.006153,412.6,0.01651
862548,M,109.5,26.85,0.03321,2.376,0.2895,0.004452,826.4,0.008005,642.5,0.01462
862717,M,108.6,43.14,0.02647,2.861,0.4565,0.002355,906.5,0.005872,582.7,0.01465
862722,B,50.41,9.833,0.0,1.553,0.2241,0.0041,185.2,0.01019,143.5,0.02659
862965,B,84.58,14.68,0.01069,1.183,0.1924,0.001532,547.8,0.00508,458.7,0.01447
862980,B,72.22,11.77,0.03029,1.528,0.1803,0.00357,361.2,0.009058,298.3,0.01609
862989,B,74.22,23.13,0.0288,2.302,0.355,0.003451,402.8,0.007595,336.1,0.0271
863030,M,106.4,34.66,0.05473,2.41,0.3908,0.007098,827.2,0.007162,530.2,0.01547
863031,B,85.51,20.62,0.02945,2.155,0.306,0.00384,521.7,0.00854,412.5,0.01565
863270,B,85.56,9.227,0.01167,0.8484,0.1199,0.001356,544.1,0.003457,466.7,0.01251
86355,M,206.8,170.0,0.104,10.05,1.215,0.005037,2360.0,0.006515,1509.0,0.03112
864018,B,83.99,16.41,0.02443,1.597,0.2344,0.002477,518.1,0.009113,396.5,0.01568
864033,B,71.68,22.87,0.02722,2.747,0.403,0.004638,367.0,0.01385,290.2,0.03281
86408,B,89.0,20.48,0.05101,2.711,0.3424,0.005891,527.4,0.01291,480.4,0.02144
86409,B,107.0,29.25,0.1435,3.399,0.3628,0.01298,709.0,0.005298,629.9,0.02566
864292,B,72.62,19.91,0.04591,2.041,0.3336,0.006792,374.4,0.01188,334.2,0.02287
864496,B,64.48,8.966,0.03259,1.354,0.1665,0.003806,284.4,0.008261,230.9,0.01708
864685,B,87.54,24.79,0.01835,2.0,0.3118,0.003856,583.0,0.007803,438.6,0.01278
864726,B,63.34,16.94,0.09263,3.28,0.3132,0.005601,270.0,0.01835,245.2,0.02384
864729,M,127.1,41.18,0.03011,2.989,0.4266,0.003884,1095.0,0.006985,682.5,0.01602
864877,M,130.3,58.63,0.0595,3.598,0.552,0.005984,1272.0,0.008699,782.6,0.01495
865128,M,129.2,54.04,0.02291,3.357,0.5506,0.001902,1261.0,0.004024,982.0,0.05014
865137,B,83.74,10.5,0.01514,1.103,0.1408,0.002206,510.5,0.00604,403.3,0.01344
86517,M,145.4,90.47,0.03342,4.895,0.7128,0.00457,1549.0,0.008102,1077.0,0.02045
865423,M,180.9,233.0,0.1278,9.807,1.509,0.009875,2073.0,0.02333,1761.0,0.04547
865432,B,102.8,24.19,0.02882,1.928,0.2929,0.002808,745.5,0.003818,640.7,0.0191
865468,B,91.99,14.66,0.04957,1.223,0.1639,0.004076,632.1,0.005919,553.5,0.01208
86561,B,100.3,17.91,0.009127,1.495,0.2185,0.001708,725.9,0.004599,588.7,0.01247
866083,M,113.2,19.83,0.01796,1.752,0.231,0.001465,848.7,0.004088,572.6,0.01323
866203,M,148.2,81.23,0.0404,5.216,0.6896,0.002686,1538.0,0.004428,1138.0,0.0203
866458,B,105.9,39.84,0.03204,2.796,0.4309,0.004984,762.6,0.009006,674.5,0.02353
866674,M,148.7,63.33,0.04755,2.765,0.4953,0.003224,1589.0,0.005033,1192.0,0.01578
866714,B,91.38,15.24,0.01018,1.973,0.2005,0.004143,545.2,0.006773,455.8,0.02662
8670,M,124.9,48.31,0.02813,3.094,0.4743,0.002461,1156.0,0.00624,748.9,0.01397
86730502,M,129.7,43.68,0.02219,2.844,0.4332,0.002373,1175.0,0.004877,809.8,0.01535
867387,B,114.3,27.94,0.01678,1.972,0.3117,0.00233,922.8,0.005217,761.7,0.01669
867739,M,145.6,68.35,0.02855,3.766,0.5959,0.002205,1590.0,0.006001,1075.0,0.01492
868202,M,92.04,19.87,0.02332,1.457,0.2367,0.002629,653.6,0.007499,506.3,0.01647
868223,B,86.16,34.37,0.02662,3.258,0.4489,0.003707,546.7,0.006578,423.6,0.01359
868682,B,79.93,12.67,0.01434,1.143,0.1759,0.001588,462.0,0.005133,399.8,0.01501
868826,M,121.4,101.9,0.06577,8.419,1.296,0.002887,971.4,0.01,678.1,0.05168
868871,B,76.53,26.33,0.02187,1.851,0.3384,0.003442,434.0,0.01127,384.8,0.0158
868999,B,66.53,12.26,0.0,1.218,0.1988,0.00322,342.9,0.00604,288.5,0.02277
869104,M,129.0,74.08,0.03067,4.533,0.7049,0.003434,1233.0,0.00677,813.0,0.01875
869218,B,82.66,21.38,0.01158,1.937,0.2843,0.003526,503.0,0.006664,398.0,0.02282
869224,B,97.17,16.64,0.0151,1.689,0.2143,0.001887,643.8,0.005324,512.2,0.02104
869254,B,77.79,17.74,0.02018,1.806,0.2525,0.00236,441.2,0.006547,355.3,0.01671
869476,B,86.26,25.03,0.02789,3.021,0.3962,0.009423,509.6,0.01017,432.8,0.03127
869691,M,91.93,24.72,0.04649,2.281,0.3197,0.004635,591.7,0.005427,432.0,0.05628
86973701,B,107.1,39.43,0.05303,3.271,0.422,0.009368,809.7,0.00579,689.5,0.03356
86973702,B,108.6,21.2,0.03114,2.12,0.2406,0.002528,766.9,0.005706,640.1,0.01454
869931,B,97.19,21.47,0.0178,1.573,0.25,0.001976,725.9,0.002838,585.0,0.01329
871001501,B,90.82,34.78,0.01949,2.873,0.4202,0.001533,616.7,0.007017,519.4,0.02951
871001502,B,58.08,10.21,0.07753,1.243,0.1935,0.01178,249.8,0.01243,203.9,0.02309
8710441,B,71.04,49.85,0.396,4.073,0.8245,0.02984,380.5,0.01097,300.2,0.03546
87106,B,76.25,15.48,0.01196,1.429,0.2251,0.001619,440.8,0.009019,381.9,0.02388
8711002,B,97.67,22.79,0.03047,1.819,0.271,0.003479,677.3,0.008584,538.9,0.02769
8711003,B,86.6,16.51,0.01994,1.484,0.22,0.002484,564.2,0.005518,460.3,0.01799
8711202,M,132.9,93.91,0.05206,5.54,0.8113,0.004968,1302.0,0.009037,963.7,0.01778
8711216,B,120.3,46.61,0.03056,3.479,0.4789,0.001519,1032.0,0.003443,880.2,0.0152
871122,B,84.08,13.25,0.008342,1.171,0.1822,0.00253,532.8,0.005528,448.6,0.01465
871149,B,78.07,18.54,0.001835,1.808,0.2818,0.002665,470.0,0.006142,366.8,0.01637
8711561,B,88.91,38.34,0.04167,3.926,0.5018,0.005061,543.9,0.009433,419.8,0.03397
8711803,M,146.6,119.3,0.04344,6.971,1.0,0.003362,1495.0,0.009406,1157.0,0.03156
871201,M,174.9,97.07,0.04029,4.792,0.7364,0.003318,2232.0,0.004057,1214.0,0.01686
8712064,B,87.36,21.55,0.03125,1.955,0.2949,0.005348,553.0,0.01134,464.5,0.01879
8712289,M,184.2,97.85,0.02822,4.603,0.6642,0.00374,2403.0,0.00491,1686.0,0.01956
8712291,B,102.3,16.64,0.008268,1.286,0.184,0.00152,782.1,0.003634,690.2,0.01924
87127,B,73.66,11.48,0.01099,1.126,0.1728,0.00212,414.0,0.007809,357.6,0.01254
8712729,M,130.7,67.34,0.02626,4.129,0.599,0.003493,1260.0,0.006123,886.3,0.02091
8712766,M,155.3,122.3,0.04644,7.337,1.088,0.00512,1660.0,0.006174,984.6,0.01145
8712853,B,104.6,24.28,0.007276,1.893,0.2713,0.001706,793.7,0.00508,685.9,0.0135
87139402,B,86.97,17.43,0.01683,1.67,0.236,0.002248,549.1,0.008045,464.1,0.01924
87163,M,116.6,43.4,0.02151,3.142,0.4697,0.001868,993.6,0.006003,565.4,0.0152
87164,M,125.0,44.64,0.04303,2.805,0.4209,0.004168,1102.0,0.005393,736.9,0.01792
871641,B,72.01,19.08,0.01453,1.377,0.2073,0.004785,396.5,0.01496,372.7,0.03082
871642,B,73.2,21.98,0.0,2.155,0.3309,0.001002,408.3,0.008713,349.6,0.03265
872113,B,58.36,11.36,0.0,1.435,0.2204,0.003399,259.2,0.009172,227.2,0.02711
872608,B,73.07,27.48,0.1197,3.132,0.4311,0.01792,390.2,0.01286,302.4,0.0388
87281702,M,123.5,31.59,0.05371,2.482,0.3037,0.004584,981.2,0.006627,832.9,0.01682
873357,B,88.18,14.34,0.001595,1.101,0.1731,0.0009683,608.8,0.003418,526.4,0.01613
873586,B,86.7,21.79,0.00618,1.778,0.2889,0.003351,570.7,0.008534,508.8,0.01065
873592,M,220.8,128.7,0.03109,5.82,0.8361,0.002747,3216.0,0.004631,2250.0,0.01575
873593,M,176.5,81.46,0.03872,4.414,0.6298,0.005295,2089.0,0.004253,1311.0,0.01798
873701,M,129.3,40.98,0.01954,2.406,0.3699,0.00243,1269.0,0.004626,766.6,0.01547
873843,B,79.12,22.77,0.05915,1.902,0.3344,0.004784,467.2,0.007356,402.0,0.02165
873885,M,113.8,19.53,0.01774,1.344,0.2054,0.002575,973.1,0.00329,710.6,0.01172
874158,B,75.39,26.43,0.001597,2.68,0.4245,0.00347,437.0,0.01439,317.5,0.02538
874217,M,139.2,28.92,0.01412,1.817,0.2577,0.001087,1410.0,0.002866,1041.0,0.01069
874373,B,84.42,17.86,0.01978,1.742,0.2451,0.001671,521.5,0.006905,420.3,0.01897
874662,B,79.57,14.47,0.01556,1.011,0.1859,0.001988,489.5,0.007831,428.9,0.03139
874839,B,86.65,18.32,0.02117,1.687,0.2382,0.001725,546.7,0.005996,463.7,0.02025
874858,M,106.4,31.72,0.1166,2.112,0.286,0.01172,762.4,0.00797,609.9,0.05113
875093,B,89.04,53.65,0.02176,5.118,0.7311,0.005875,579.5,0.004571,507.4,0.03373
875099,B,62.25,21.69,0.0,2.23,0.3539,0.001688,303.8,0.001713,288.1,0.03799
875263,M,101.7,34.44,0.03763,2.642,0.4053,0.005672,768.9,0.009098,477.4,0.01878
87556202,M,118.6,25.2,0.05551,3.591,0.2796,0.004312,784.7,0.008081,671.4,0.02545
875878,B,90.81,15.75,0.02321,1.493,0.1942,0.002152,600.6,0.005298,516.4,0.01853
875938,M,111.6,49.7,0.04665,4.906,0.6191,0.004306,806.9,0.0138,588.9,0.02689
877159,M,129.1,76.36,0.0611,4.312,0.6362,0.005036,1228.0,0.00553,1024.0,0.0214
877486,M,166.4,54.22,0.02706,3.833,0.4357,0.003397,1688.0,0.005524,1148.0,0.01415
877500,M,117.9,19.42,0.02,1.446,0.2092,0.001976,1044.0,0.004044,642.7,0.01522
877501,B,92.15,27.24,0.01401,2.308,0.3534,0.003338,638.4,0.007514,461.0,0.01503
877989,M,139.5,40.73,0.02713,3.088,0.3971,0.002658,1239.0,0.00609,951.6,0.01594
878796,M,177.0,83.16,0.08958,4.667,0.5539,0.005195,1986.0,0.009327,1685.0,0.02175
87880,M,128.5,52.72,0.03112,3.909,0.5648,0.004506,1153.0,0.008824,597.8,0.01998
87930,B,96.05,30.29,0.02701,2.497,0.3961,0.003586,677.9,0.006953,481.9,0.01782
879523,M,117.7,26.44,0.02039,1.974,0.2711,0.002881,989.5,0.005472,716.6,0.01523
879804,B,67.08,12.33,0.007975,1.517,0.2137,0.002472,331.6,0.009719,295.4,0.0221
879830,M,130.0,68.46,0.01946,4.106,0.5858,0.002581,1210.0,0.005038,904.3,0.02294
8810158,B,99.48,15.09,0.02526,1.491,0.1931,0.004198,639.3,0.005251,529.4,0.02514
8810436,B,113.7,20.0,0.01841,1.525,0.2134,0.001656,932.7,0.004291,725.5,0.009539
881046502,M,158.3,111.7,0.05489,7.029,0.8601,0.002365,1656.0,0.008124,1290.0,0.03176
8810528,B,85.22,17.12,0.02045,1.444,0.2222,0.002922,546.3,0.005517,428.0,0.01616
8810703,M,188.5,525.6,0.06389,21.98,2.873,0.004476,2499.0,0.01345,2499.0,0.04783
881094802,M,120.4,58.53,0.1438,3.767,0.5296,0.01256,1021.0,0.03113,948.0,0.02175
8810955,M,115.0,31.0,0.03688,3.534,0.4207,0.004768,811.3,0.01088,610.7,0.04499
8810987,M,104.4,22.69,0.03909,1.933,0.2563,0.00456,750.1,0.00596,578.9,0.01939
8811523,B,86.2,21.46,0.05946,2.087,0.2963,0.004775,531.2,0.008872,432.2,0.02793
8811779,B,75.4,22.79,0.05774,2.747,0.3567,0.004613,403.7,0.00468,321.2,0.0256
8811842,M,170.3,124.4,0.03446,6.487,0.9553,0.004045,2009.0,0.006804,1230.0,0.01897
88119002,M,180.2,109.9,0.02664,4.722,0.7392,0.002256,2477.0,0.005539,1223.0,0.01332
8812816,B,99.71,17.4,0.01652,1.391,0.2102,0.002735,706.2,0.004133,568.9,0.01371
8812818,B,101.1,21.03,0.02544,2.011,0.2569,0.002918,686.6,0.005851,561.3,0.01842
8812844,B,71.94,15.05,0.008534,1.641,0.2467,0.003761,375.6,0.007899,313.1,0.02637
8812877,M,125.9,32.19,0.02384,2.244,0.3473,0.003131,1088.0,0.004766,761.3,0.01772
8813129,B,98.84,24.68,0.02259,2.044,0.2927,0.002496,708.8,0.006032,546.4,0.01482
88143502,B,110.4,48.29,0.0236,3.763,0.522,0.001463,873.2,0.007089,641.2,0.02266
88147101,B,73.47,11.86,0.002817,1.208,0.1913,0.002821,395.4,0.006513,329.6,0.01502
88147102,B,114.2,19.88,0.03644,2.276,0.2318,0.003204,808.2,0.004119,684.5,0.01391
88147202,B,90.67,18.51,0.03016,1.445,0.2449,0.003407,624.0,0.005169,496.4,0.01365
881861,M,105.3,25.13,0.04683,2.257,0.3061,0.005617,706.0,0.006983,503.2,0.0168
881972,M,133.5,31.98,0.03055,2.153,0.2959,0.002336,1189.0,0.005532,895.0,0.01177
88199202,B,79.82,8.605,0.01633,1.059,0.121,0.002052,452.3,0.003653,395.7,0.01537
88203002,B,78.44,15.46,0.003223,1.489,0.2239,0.002534,470.9,0.004359,386.8,0.01916
88206102,M,162.7,70.01,0.03457,3.767,0.524,0.002887,1872.0,0.00502,1319.0,0.01298
882488,B,65.74,12.64,0.01186,1.215,0.2152,0.00354,335.9,0.01164,279.6,0.02383
88249602,B,98.27,22.07,0.007302,1.667,0.2589,0.002925,715.5,0.007389,603.4,0.01263
88299702,M,206.0,155.8,0.04497,7.247,1.058,0.003053,2944.0,0.006428,1670.0,0.0159
883263,M,161.7,83.5,0.04257,5.144,0.6874,0.003933,1750.0,0.007959,1306.0,0.01341
883270,B,102.5,29.96,0.0385,2.105,0.3354,0.003589,764.0,0.006307,623.9,0.01185
88330202,M,141.2,49.0,0.02602,3.002,0.5366,0.002759,1408.0,0.00486,920.6,0.01226
88350402,B,94.11,27.19,0.0181,1.996,0.3242,0.001794,683.4,0.00647,575.3,0.01898
883539,B,83.85,9.006,0.006493,0.757,0.1153,0.00136,543.4,0.003265,476.5,0.0172
883852,B,87.16,16.39,0.0888,2.369,0.2428,0.008675,472.9,0.006663,389.4,0.01995
88411702,B,98.0,39.93,0.03371,2.829,0.4347,0.003087,706.0,0.004351,590.0,0.02598
884180,M,144.9,60.41,0.03915,4.037,0.5243,0.003949,1417.0,0.01061,1155.0,0.02186
884437,B,73.68,23.22,0.01865,2.517,0.3719,0.00356,402.8,0.01604,337.7,0.03476
884448,B,88.28,13.56,0.03079,0.873,0.163,0.00225,602.0,0.006261,541.6,0.01962
884626,B,105.0,16.35,0.08158,2.393,0.2025,0.007555,639.1,0.005501,512.2,0.01266
88466802,B,77.98,16.64,0.01081,1.497,0.2497,0.002619,455.7,0.007189,347.0,0.02158
884689,B,80.88,18.62,0.02105,1.686,0.2562,0.002784,491.8,0.006662,406.3,0.01677
884948,M,165.3,137.9,0.09518,6.372,1.004,0.005002,2010.0,0.005283,1364.0,0.02401
88518501,B,83.12,26.99,0.01245,2.684,0.3927,0.001461,508.9,0.00638,407.4,0.02292
885429,M,159.8,92.81,0.068,4.115,0.7661,0.007259,1933.0,0.008482,1206.0,0.01467
8860702,M,130.9,33.63,0.02332,2.193,0.3093,0.002362,1222.0,0.004757,928.2,0.01394
886226,M,163.1,71.0,0.02749,3.797,0.5959,0.00255,1972.0,0.004649,1169.0,0.01365
886452,M,108.1,35.74,0.03119,2.563,0.425,0.002695,826.0,0.006351,602.4,0.02062
88649001,M,178.6,106.4,0.03863,7.158,0.8426,0.005252,1926.0,0.006356,1207.0,0.01936
886776,M,119.8,59.46,0.04983,4.061,0.6592,0.00866,928.8,0.01015,713.3,0.01884
887181,M,143.7,138.5,0.08232,10.12,1.292,0.006042,1226.0,0.01236,773.5,0.02337
88725602,M,126.3,23.02,0.02889,1.903,0.2419,0.003359,1035.0,0.005345,744.9,0.009947
887549,M,162.3,52.34,0.02117,2.587,0.3977,0.001892,1844.0,0.005043,1288.0,0.01282
888264,M,128.2,44.41,0.01246,2.577,0.4007,0.001578,1218.0,0.005726,933.1,0.01411
888570,M,137.9,90.94,0.04638,6.146,0.8348,0.005838,1295.0,0.006717,947.8,0.02747
889403,M,115.9,22.18,0.01311,1.534,0.2298,0.001345,988.6,0.002826,758.6,0.01013
889719,M,140.5,45.42,0.02048,2.819,0.4203,0.001575,1436.0,0.004493,928.3,0.01144
88995002,M,214.0,199.7,0.02143,7.749,1.172,0.002299,3432.0,0.004551,1419.0,0.01367
8910251,B,78.28,27.1,0.03354,3.43,0.4505,0.003318,424.8,0.00747,346.4,0.03504
8910499,B,97.66,26.76,0.03099,2.591,0.338,0.003009,661.5,0.005436,561.0,0.0203
8910506,B,89.27,18.24,0.02589,1.546,0.2345,0.002157,597.5,0.005518,512.2,0.02593
8910720,B,76.51,20.74,0.07339,2.23,0.3198,0.00761,410.4,0.008902,344.9,0.02728
8910721,B,94.44,10.77,0.004826,0.8439,0.1302,0.001381,684.6,0.003492,632.6,0.01536
8910748,B,78.27,13.17,0.01282,1.164,0.1904,0.002817,457.5,0.006472,388.0,0.01692
8910988,M,195.9,156.8,0.06329,8.867,1.167,0.004614,2384.0,0.005687,1491.0,0.01924
8910996,B,68.09,16.39,0.008347,1.75,0.2684,0.004261,355.2,0.0138,289.9,0.01798
8911163,M,135.1,45.81,0.01622,2.765,0.4212,0.002751,1320.0,0.005444,998.9,0.01419
8911164,B,79.46,48.84,0.01267,4.021,0.6412,0.003002,472.4,0.01418,435.6,0.02678
8911230,B,77.37,17.09,0.001487,1.565,0.2375,0.001627,458.0,0.008426,396.6,0.02358
8911670,M,129.0,36.74,0.02623,2.363,0.3283,0.001676,1236.0,0.007571,1102.0,0.0193
8911800,B,98.91,22.22,0.01065,1.683,0.258,0.001126,739.1,0.003741,572.3,0.01344
8911834,B,98.37,19.41,0.01457,1.83,0.2479,0.001593,670.0,0.004235,587.4,0.01528
8912049,M,159.8,69.65,0.03988,4.321,0.6361,0.003446,1724.0,0.007392,1138.0,0.01435
8912055,B,84.7,37.83,0.01514,3.717,0.5619,0.002005,533.7,0.008034,427.3,0.02921
89122,M,152.4,53.16,0.03059,2.903,0.4709,0.001965,1628.0,0.005654,1145.0,0.01623
8912280,M,126.9,28.09,0.03872,2.464,0.2873,0.004081,1031.0,0.004563,805.1,0.01388
8912284,B,92.12,23.29,0.07927,2.347,0.2913,0.003696,595.6,0.006418,516.6,0.01878
8912521,B,85.56,22.45,0.00186,1.721,0.2719,0.002015,564.1,0.006383,489.0,0.02571
8912909,B,92.2,21.91,0.04387,3.198,0.2742,0.008015,546.1,0.006719,441.0,0.01872
8913,B,87.4,12.68,0.01652,1.115,0.1532,0.002081,577.0,0.004731,515.9,0.01619
8913049,B,78.27,34.68,0.08099,2.877,0.4866,0.006517,437.6,0.01574,394.1,0.03418
89143601,B,79.29,17.49,0.01376,1.954,0.2656,0.002928,459.3,0.006538,396.0,0.03416
89143602,B,101.7,77.11,0.0996,4.36,0.8811,0.02286,767.3,0.007762,651.0,0.04077
8915,B,109.1,24.87,0.01536,2.171,0.2877,0.002815,809.8,0.005332,687.3,0.01522
891670,B,88.81,17.67,0.02335,1.231,0.2094,0.004726,585.4,0.008725,513.7,0.02625
891703,B,84.35,13.88,0.01412,1.234,0.207,0.001784,517.8,0.007595,432.7,0.01792
891716,B,88.54,13.38,0.006564,1.34,0.1807,0.001392,553.7,0.006064,492.1,0.01374
891923,B,94.17,17.74,0.004272,1.479,0.2191,0.001802,661.1,0.004348,582.7,0.02154
891936,B,72.42,11.09,0.01072,1.267,0.1753,0.003428,392.2,0.003478,363.7,0.02941
892189,M,85.1,49.11,0.01272,4.138,0.645,0.002758,553.6,0.005596,431.1,0.01575
892214,B,105.8,20.56,0.01079,1.661,0.23,0.001957,819.7,0.003169,633.1,0.01103
892399,B,70.1,20.56,0.01861,2.289,0.2868,0.001971,362.7,0.01017,334.2,0.03464
892438,M,171.1,133.0,0.05638,7.237,1.111,0.004787,2053.0,0.006056,1217.0,0.01884
892604,B,88.13,28.32,0.04712,2.579,0.3642,0.004651,551.3,0.00653,471.3,0.0274
89263202,M,158.8,130.8,0.07649,7.804,1.072,0.005928,1696.0,0.007964,1247.0,0.02736
892657,B,70.76,10.08,0.01808,1.035,0.1485,0.003317,375.4,0.008875,334.3,0.01791
89296,B,82.69,22.93,0.02221,2.475,0.3278,0.003411,489.8,0.006652,403.1,0.01894
893061,B,81.39,18.21,0.01596,1.961,0.2512,0.002211,476.5,0.006122,417.2,0.03194
89344,B,92.0,15.5,0.001128,1.204,0.1903,0.002585,636.9,0.003632,537.3,0.01344
89346,B,60.9,9.789,0.003681,1.144,0.1746,0.002153,285.5,0.007389,246.3,0.02701
893526,B,95.48,20.39,0.00203,1.509,0.2244,0.001566,698.7,0.003338,566.2,0.0148
893548,B,93.96,33.01,0.002831,2.567,0.3975,0.002273,672.4,0.004148,530.6,0.01422
893783,B,80.92,11.28,0.01042,1.109,0.1601,0.001661,483.1,0.006064,418.7,0.02349
89382601,B,103.7,28.9,0.005325,1.954,0.316,0.0008948,840.8,0.005031,664.9,0.01494
89382602,B,92.04,25.18,0.03137,2.346,0.3265,0.004392,618.8,0.006494,504.1,0.01731
893988,B,81.23,9.438,0.01003,1.107,0.1312,0.001952,467.8,0.004124,409.1,0.02032
894047,B,56.65,17.81,0.0,2.222,0.3368,0.00682,240.1,0.02075,221.2,0.06146
894089,B,84.48,12.69,0.00262,1.047,0.1716,0.001344,544.2,0.004928,481.6,0.01393
894090,B,81.6,15.82,0.01123,1.438,0.2113,0.0009502,513.1,0.005343,461.4,0.01977
894326,M,140.9,48.9,0.02408,2.547,0.4041,0.002451,1485.0,0.004821,1027.0,0.01275
894329,B,68.62,24.2,0.1027,3.769,0.4653,0.007877,297.1,0.009845,244.5,0.03491
894335,B,81.76,31.16,0.009959,2.487,0.3778,0.002961,515.9,0.007357,477.3,0.03433
894604,B,71.53,22.68,0.04004,1.597,0.3677,0.007596,390.4,0.01049,324.2,0.02719
894618,M,150.2,74.85,0.02645,3.868,0.5925,0.001589,1657.0,0.004536,1274.0,0.02193
894855,B,92.8,16.57,0.01902,1.614,0.2212,0.003107,599.5,0.00591,504.8,0.01202
895100,M,171.1,69.06,0.0319,4.012,0.5702,0.003345,1938.0,0.005485,1264.0,0.02768
89511501,B,91.11,19.01,0.01051,1.959,0.2575,0.002065,583.1,0.005403,457.9,0.01333
89511502,B,88.7,17.61,0.01329,1.566,0.21,0.001784,574.4,0.006809,489.9,0.02057
89524,B,98.4,23.92,0.005717,1.558,0.2571,0.002476,749.9,0.006692,616.5,0.01416
895299,B,82.74,16.97,0.001184,1.466,0.2335,0.001755,523.4,0.004729,446.0,0.01466
8953902,M,129.8,44.41,0.03248,3.27,0.4375,0.002789,1121.0,0.006697,813.7,0.01536
895633,M,113.7,57.72,0.05839,2.961,0.5706,0.006187,975.2,0.01056,826.8,0.04022
896839,M,124.3,33.27,0.03715,2.629,0.3371,0.003121,1070.0,0.005839,793.2,0.01467
896864,B,99.21,20.65,0.04393,2.465,0.2684,0.004572,634.3,0.005727,514.0,0.02751
897132,B,76.91,19.62,0.003297,1.959,0.2976,0.001963,436.1,0.01289,387.3,0.04243
897137,B,82.08,15.07,0.0009737,1.529,0.2144,0.00203,492.7,0.005617,390.0,0.017
897374,B,84.53,13.24,0.007004,1.199,0.184,0.002222,544.3,0.007881,464.4,0.01939
89742801,M,143.2,87.17,0.04502,6.076,0.8161,0.003733,1362.0,0.006455,918.6,0.01829
897604,B,87.38,14.41,0.03113,0.9219,0.1814,0.005701,576.0,0.005231,514.3,0.01639
897630,M,161.1,88.25,0.03914,4.369,0.6422,0.004445,1873.0,0.007548,1092.0,0.02168
897880,B,71.98,16.85,0.0169,1.778,0.2619,0.002778,384.0,0.007803,310.8,0.021
89812,M,202.4,164.1,0.03582,6.462,1.009,0.003118,2906.0,0.006292,1747.0,0.01479
89813,B,111.4,32.14,0.0384,2.677,0.3491,0.003373,862.1,0.004577,641.2,0.01873
898143,B,71.25,12.07,0.05028,1.429,0.1844,0.004031,353.6,0.005954,280.5,0.0175
89827,B,79.76,10.8,0.02758,1.355,0.1601,0.002917,440.0,0.007416,373.9,0.02348
898431,M,157.6,67.66,0.04345,5.173,0.6226,0.003288,1540.0,0.004756,1194.0,0.03756
89864002,B,84.16,24.53,0.01651,2.355,0.3446,0.0031,516.4,0.009536,420.3,0.01953
898677,B,70.89,19.33,0.02611,2.394,0.338,0.006758,357.1,0.01736,321.6,0.03675
898678,B,86.54,18.02,0.005832,1.559,0.243,0.002754,562.6,0.00718,445.3,0.01982
89869,B,114.2,29.06,0.01855,2.537,0.3428,0.002783,880.8,0.004732,668.7,0.02163
898690,B,79.67,12.25,0.0094,1.09,0.1707,0.003009,475.8,0.009191,402.7,0.01755
899147,B,83.09,26.65,0.007816,2.455,0.361,0.003114,496.2,0.0058,426.7,0.02734
899187,B,83.61,26.03,0.005949,2.225,0.3534,0.002668,542.5,0.006583,421.0,0.02216
899667,M,119.4,51.22,0.09953,3.477,0.5204,0.00733,915.3,0.009329,758.6,0.05543
899987,M,229.3,153.1,0.04266,7.222,0.9948,0.003385,3234.0,0.006369,2010.0,0.02335
9010018,M,121.2,63.37,0.04912,4.174,0.6534,0.004867,1050.0,0.01052,716.6,0.0212
901011,B,79.62,28.84,0.04505,3.33,0.4222,0.004831,453.5,0.005541,384.6,0.03102
9010258,B,89.02,27.49,0.06271,3.212,0.3602,0.004205,547.4,0.009853,485.8,0.02639
9010259,B,94.22,21.57,0.05112,2.59,0.3106,0.005715,591.2,0.007807,512.0,0.0286
901028,B,96.74,20.74,0.005254,1.737,0.2543,0.002087,694.4,0.005638,593.7,0.01544
9010333,B,65.27,30.18,0.03214,4.277,0.5381,0.004174,302.0,0.01093,241.0,0.02837
901034301,B,75.79,30.48,0.02348,3.267,0.5079,0.002713,439.6,0.006836,278.6,0.01942
901034302,B,86.82,28.3,0.0007929,2.329,0.3511,0.001058,585.7,0.005783,491.9,0.02043
901041,B,92.94,20.98,0.01795,2.028,0.2621,0.001956,621.2,0.005498,546.1,0.01829
9010598,B,87.82,17.26,0.01529,1.535,0.2213,0.002133,579.7,0.005608,496.6,0.01909
9010872,B,117.2,33.58,0.01832,2.344,0.3389,0.002001,1009.0,0.007257,838.1,0.01694
9010877,B,93.76,13.22,0.01451,1.036,0.1584,0.002074,663.5,0.004394,552.4,0.01291
901088,M,161.2,72.44,0.02375,4.218,0.5781,0.001906,1780.0,0.006208,1293.0,0.01445
9011494,M,160.0,103.6,0.05904,7.128,0.9761,0.004286,1671.0,0.008439,1234.0,0.0371
9011495,B,93.85,18.57,0.02,1.874,0.2527,0.00196,624.6,0.005833,458.4,0.01938
9011971,M,199.5,224.1,0.02096,7.733,1.207,0.001803,3143.0,0.005568,1546.0,0.01263
9012000,M,195.0,130.2,0.03576,7.561,1.008,0.003796,2227.0,0.003978,1482.0,0.01518
9012315,M,129.3,45.5,0.06072,2.972,0.4312,0.004085,1165.0,0.005635,840.4,0.03197
9012568,B,104.5,17.72,0.01551,1.338,0.1783,0.001767,819.1,0.005012,711.8,0.01647
9012795,M,152.1,39.06,0.03437,2.407,0.3414,0.004367,1535.0,0.004426,1386.0,0.01675
901288,M,166.8,77.02,0.02681,4.119,0.6137,0.001711,1946.0,0.006211,1335.0,0.01276
9013005,B,99.16,14.0,0.01169,1.372,0.1705,0.002177,670.6,0.00423,579.1,0.01943
901303,B,113.1,14.91,0.01951,1.349,0.1745,0.003696,861.5,0.00451,788.5,0.01934
901315,B,76.51,7.228,0.1535,2.363,0.1115,0.0122,351.9,0.008499,338.3,0.01617
9013579,B,97.11,14.91,0.007508,1.4,0.1689,0.001684,680.6,0.004942,562.1,0.01442
9013594,B,97.96,11.35,0.02443,1.101,0.1402,0.004868,657.0,0.005212,580.6,0.01818
9013838,M,91.76,13.99,0.04588,1.719,0.2114,0.004435,508.1,0.007405,361.6,0.01738
901549,B,84.93,16.04,0.02101,1.809,0.2562,0.003721,476.1,0.006635,386.3,0.02108
901836,B,79.73,11.68,0.01723,1.281,0.1642,0.001941,447.1,0.005296,372.7,0.0188
90250,B,87.36,9.549,0.04305,1.778,0.1194,0.007358,488.4,0.005042,447.8,0.0247
90251,B,95.23,19.2,0.04757,2.117,0.2608,0.006884,600.5,0.006715,462.9,0.01838
902727,B,96.59,15.26,0.02828,1.592,0.1833,0.002613,623.7,0.004271,541.8,0.01461
90291,M,102.2,33.01,0.03389,2.914,0.4157,0.002871,758.2,0.008312,664.7,0.0174
902975,B,87.65,19.96,0.04344,2.097,0.2666,0.004622,529.9,0.004405,462.0,0.01921
902976,B,99.66,23.12,0.01988,1.709,0.2541,0.00197,745.3,0.003728,596.6,0.01647
903011,B,79.73,22.97,0.09472,2.569,0.3305,0.01233,450.0,0.01038,392.0,0.01219
90312,M,142.0,70.1,0.07469,5.383,0.6107,0.00624,1313.0,0.01124,1174.0,0.02768
90317302,B,73.23,11.88,0.008496,1.348,0.1911,0.002371,394.5,0.005682,321.6,0.01938
903483,B,64.01,28.85,0.0,3.167,0.5169,0.006736,317.0,0.01582,234.3,0.01865
903507,M,142.1,66.91,0.04972,4.675,0.647,0.004232,1359.0,0.007269,744.7,0.01852
903516,M,172.0,80.99,0.04718,4.158,0.6242,0.004028,2081.0,0.005215,1407.0,0.02045
903554,B,88.33,22.22,0.01843,1.869,0.2841,0.001798,559.5,0.008146,446.2,0.02015
903811,B,96.42,12.67,0.01132,1.237,0.1504,0.001444,684.5,0.005371,609.1,0.01719
90401601,B,97.33,19.29,0.03304,1.513,0.2136,0.002464,675.2,0.005442,558.1,0.01315
90401602,B,90.72,30.57,0.04545,2.668,0.3639,0.004067,591.0,0.005421,508.3,0.01869
904302,B,80.79,12.98,0.0194,1.263,0.1855,0.003537,496.7,0.004259,378.2,0.01191
904357,B,86.0,25.06,0.02079,2.225,0.3438,0.003071,562.0,0.005463,431.9,0.01477
90439701,M,149.6,41.51,0.06165,3.123,0.403,0.005099,1304.0,0.007159,994.0,0.01591
904647,B,87.64,18.95,0.01376,1.649,0.2522,0.001857,589.5,0.006175,442.7,0.01096
904689,B,96.31,20.21,0.03452,2.397,0.2357,0.003705,621.9,0.003629,525.2,0.02632
9047,B,89.69,11.36,0.01613,0.9975,0.1458,0.001972,580.9,0.002887,507.6,0.0187
904969,B,84.11,30.15,0.01307,2.602,0.3833,0.001432,533.1,0.007702,469.1,0.0297
904971,B,82.76,25.78,0.0199,3.018,0.3796,0.002701,472.4,0.009519,370.0,0.02079
905189,B,115.9,21.83,0.01831,1.729,0.2387,0.001621,947.9,0.003958,800.0,0.015
905190,B,91.63,41.24,0.05175,2.552,0.4993,0.007731,645.8,0.006011,514.5,0.02669
90524101,M,138.1,49.81,0.02509,3.061,0.4537,0.003336,1349.0,0.007231,991.7,0.01414
905501,B,89.0,25.79,0.02059,2.079,0.3342,0.002267,610.2,0.005888,466.1,0.02578
905502,B,85.07,13.66,0.01163,1.359,0.1916,0.001659,521.3,0.005391,399.8,0.01341
905520,B,79.93,13.54,0.01056,1.342,0.1967,0.002198,471.4,0.005158,373.2,0.01718
905539,B,66.61,6.802,0.03735,1.174,0.1186,0.004583,301.0,0.005515,268.8,0.01951
905557,B,110.2,28.51,0.03312,2.31,0.3186,0.004015,867.1,0.004449,693.7,0.01906
905680,M,110.1,45.38,0.02489,3.043,0.4681,0.00175,931.4,0.006831,719.5,0.03151
905686,B,85.09,19.53,0.0163,1.93,0.2747,0.002272,522.9,0.009895,433.8,0.02258
905978,B,68.73,25.17,0.01367,2.759,0.4302,0.00459,359.4,0.01474,271.2,0.03044
90602302,M,157.1,176.5,0.04493,9.424,1.37,0.005815,1748.0,0.008198,803.1,0.02018
906024,B,88.12,17.37,0.009075,1.527,0.2253,0.004414,566.9,0.006131,495.0,0.01713
906290,B,79.26,18.99,0.006972,1.968,0.2865,0.00206,458.0,0.006908,380.3,0.02694
906539,B,86.43,20.3,0.04447,2.206,0.2864,0.003339,520.5,0.007278,409.7,0.01868
906564,B,114.1,49.45,0.05278,4.795,0.5462,0.005444,809.2,0.009976,656.1,0.02653
906616,B,81.93,15.89,0.02631,1.667,0.2456,0.001982,475.7,0.005884,408.2,0.01848
906878,B,101.4,19.36,0.03669,1.804,0.2244,0.003956,708.8,0.00398,575.3,0.01581
907145,B,71.79,43.52,0.006021,4.607,0.6965,0.004225,380.9,0.01307,289.7,0.031
907367,B,69.92,11.6,0.002074,1.184,0.1851,0.002411,376.3,0.005724,307.3,0.01445
907409,B,81.41,20.77,0.05263,2.564,0.3276,0.00483,440.4,0.007364,333.6,0.02161
90745,B,83.69,20.2,0.02991,2.24,0.3077,0.00269,489.5,0.006543,359.9,0.01844
90769601,B,74.35,9.704,0.009398,0.968,0.1415,0.002377,421.1,0.005883,381.1,0.02009
90769602,B,88.87,23.24,0.005383,2.109,0.2954,0.00118,586.8,0.007337,501.3,0.0194
907914,M,125.4,24.19,0.07926,3.466,0.253,0.005784,832.7,0.006965,685.0,0.01499
907915,B,89.61,15.43,0.04861,2.204,0.1767,0.006005,515.8,0.01,467.8,0.02187
908194,M,146.0,52.49,0.05546,3.008,0.4331,0.004005,1479.0,0.009087,1250.0,0.02451
908445,M,145.3,103.9,0.05321,4.493,0.8191,0.004515,1603.0,0.008074,1110.0,0.02383
908469,B,102.3,23.92,0.01461,1.612,0.3028,0.002168,777.5,0.005756,673.7,0.01551
908489,M,113.9,18.85,0.02185,1.602,0.2208,0.002846,869.3,0.005314,599.5,0.01223
908916,B,95.14,26.5,0.007066,2.597,0.3665,0.002378,626.9,0.00591,509.2,0.02223
909220,B,101.2,32.74,0.01608,2.644,0.3892,0.00283,750.0,0.007976,611.2,0.02005
909231,B,100.9,29.63,0.005812,2.331,0.3419,0.002326,749.1,0.005836,592.6,0.02014
909410,B,96.53,19.25,0.009213,1.606,0.2142,0.002104,688.9,0.004837,606.5,0.01171
909411,B,90.14,18.15,0.0643,2.806,0.2574,0.004976,476.4,0.008565,371.5,0.01516
909445,M,132.8,58.38,0.04942,3.283,0.51,0.003739,1284.0,0.008109,928.8,0.01594
90944601,B,97.9,29.34,0.007741,2.235,0.3563,0.002564,706.6,0.006432,585.9,0.01227
909777,B,69.35,13.12,0.01993,1.277,0.1818,0.004492,366.3,0.01072,340.9,0.01717
9110127,M,133.3,35.77,0.02975,1.921,0.2986,0.002436,1292.0,0.004117,990.0,0.01295
9110720,B,84.48,19.39,0.02334,1.865,0.2623,0.003674,513.9,0.00832,441.3,0.02094
9110732,M,145.4,43.95,0.03697,2.873,0.3897,0.002556,1437.0,0.004714,981.6,0.01237
9110944,B,105.9,19.75,0.01758,1.482,0.2204,0.001971,829.5,0.004796,674.8,0.02254
911150,B,108.1,23.04,0.03379,1.994,0.2535,0.002327,830.5,0.004147,659.7,0.01394
911157302,M,168.2,81.89,0.03185,4.542,0.6643,0.002205,2022.0,0.005467,1384.0,0.01029
9111596,B,83.51,20.24,0.06663,1.955,0.256,0.008925,507.2,0.006854,432.0,0.02354
9111805,M,139.8,56.18,0.04907,2.916,0.4674,0.001807,1421.0,0.0119,1191.0,0.01641
9111843,B,85.07,13.86,0.02941,1.516,0.1912,0.004302,523.7,0.007334,442.5,0.01745
911201,B,103.1,25.7,0.01615,2.143,0.306,0.003563,749.9,0.006133,644.2,0.02207
911202,B,91.62,13.32,0.01256,1.116,0.1692,0.001638,633.5,0.003888,492.9,0.01608
9112085,B,96.69,28.93,0.007936,2.287,0.3408,0.002985,705.6,0.005841,557.2,0.01564
9112366,B,86.04,23.13,0.04275,2.15,0.3135,0.002128,527.8,0.009861,415.1,0.02475
9112367,B,91.29,17.58,0.0151,1.314,0.2084,0.001828,632.9,0.005768,537.9,0.01347
9112594,B,91.06,21.19,0.005681,1.657,0.2621,0.001514,628.5,0.006054,520.2,0.01215
9112712,B,68.03,11.28,0.0145,1.243,0.1781,0.002268,349.9,0.006588,290.9,0.01574
911296201,M,152.1,115.2,0.02721,6.051,0.9291,0.004417,1648.0,0.00874,930.9,0.02045
911296202,M,251.2,542.2,0.08055,18.65,2.547,0.004558,4254.0,0.00765,2501.0,0.01697
9113156,B,100.4,20.52,0.01971,1.727,0.2315,0.001892,734.6,0.005356,646.1,0.01414
911320501,B,82.68,12.89,0.0208,1.303,0.1816,0.002768,495.1,0.006709,412.7,0.02124
911320502,B,95.1,16.89,0.01564,1.236,0.2023,0.001672,687.6,0.005969,537.3,0.01093
9113239,B,115.0,23.81,0.07683,3.369,0.281,0.008133,733.5,0.004929,542.9,0.01526
9113455,B,100.9,27.4,0.04615,2.312,0.3152,0.00323,689.1,0.007295,536.9,0.01561
9113514,B,71.11,20.98,0.01031,2.275,0.3416,0.002979,380.2,0.01098,286.3,0.02693
9113538,M,143.6,104.9,0.06591,5.801,0.9289,0.0113,1437.0,0.006766,980.5,0.01673
911366,B,88.14,27.85,0.04961,3.027,0.4101,0.005217,528.1,0.01459,408.8,0.01807
9113778,B,70.88,22.73,0.02714,2.569,0.3776,0.003913,385.2,0.007501,289.1,0.0196
9113816,B,87.24,44.96,0.01465,4.099,0.6061,0.003883,567.6,0.007517,449.9,0.02047
911384,B,112.0,23.31,0.0231,1.826,0.2446,0.002379,906.6,0.003271,686.9,0.01148
9113846,B,85.08,35.13,0.0,2.884,0.4455,0.003136,558.9,0.007339,465.4,0.03141
911391,B,80.78,9.597,0.02757,1.301,0.1482,0.004672,433.1,0.004474,358.9,0.01212
911408,B,93.22,11.64,0.03318,1.195,0.1499,0.002289,605.8,0.004873,506.9,0.01601
911654,B,112.1,31.01,0.02821,2.749,0.3478,0.002744,828.5,0.004107,618.4,0.0161
911673,B,101.2,14.03,0.009904,1.392,0.1555,0.002095,718.9,0.003308,599.4,0.01316
911685,B,82.04,14.34,0.04156,1.567,0.2034,0.003614,467.6,0.004957,404.9,0.01843
911916,M,122.1,33.12,0.08079,3.07,0.3147,0.006355,939.7,0.009197,815.8,0.02773
912193,B,88.83,16.26,0.01397,1.678,0.2194,0.001858,547.4,0.004911,455.3,0.01454
91227,B,104.4,28.41,0.0153,2.056,0.3316,0.002217,830.5,0.003704,602.9,0.01062
912519,B,94.94,12.84,0.01334,1.102,0.1588,0.002787,660.2,0.00445,546.3,0.01698
912558,B,95.78,20.64,0.01698,1.564,0.2431,0.001524,686.5,0.003245,571.1,0.01285
912600,B,112.5,13.87,0.03336,1.143,0.163,0.002256,854.3,0.006034,747.2,0.01175
913063,B,97.82,30.19,0.1114,5.004,0.3921,0.009627,580.6,0.007234,476.7,0.03232
913102,B,106.0,19.98,0.018,1.471,0.2204,0.001219,831.0,0.003535,666.0,0.01254
913505,M,153.9,67.74,0.04256,3.631,0.5659,0.003211,1740.0,0.005288,1167.0,0.01717
913512,B,86.57,27.57,0.01851,2.554,0.3713,0.003213,549.8,0.008998,420.5,0.02152
913535,M,127.3,22.95,0.01423,1.775,0.2473,0.0017,1084.0,0.002667,857.6,0.01961
91376701,B,92.74,18.04,0.00941,1.577,0.2239,0.002399,622.9,0.005096,466.5,0.01608
91376702,B,127.1,50.95,0.01153,3.163,0.4834,0.001309,1210.0,0.004369,992.1,0.01302
914062,M,143.4,89.74,0.03737,5.353,0.7548,0.003996,1426.0,0.007997,1007.0,0.02897
914101,B,83.24,24.6,0.006416,2.108,0.3276,0.004821,534.0,0.01039,477.3,0.02869
914102,B,95.29,26.07,0.01341,2.326,0.3237,0.002701,648.3,0.007802,538.7,0.02086
914333,B,103.9,21.84,0.02153,1.596,0.2323,0.001812,783.6,0.005415,680.9,0.01959
914366,B,95.29,18.4,0.02636,1.696,0.2324,0.003563,633.7,0.005704,485.6,0.01759
914580,B,92.82,11.91,0.01346,1.253,0.1532,0.001541,607.3,0.003796,480.1,0.01536
914769,M,146.4,95.77,0.04435,4.851,0.7923,0.005255,1600.0,0.007974,1068.0,0.01617
91485,M,163.2,75.09,0.04062,4.206,0.5904,0.003727,1760.0,0.006666,1320.0,0.01117
914862,B,109.7,34.84,0.01996,2.304,0.372,0.003237,856.9,0.004123,689.4,0.01055
91504,M,106.0,39.05,0.03476,2.974,0.4751,0.006995,788.0,0.00968,595.9,0.02434
91505,B,86.67,18.49,0.02575,1.566,0.2577,0.00248,552.0,0.009702,476.3,0.02801
915143,M,211.5,180.2,0.03976,9.635,1.291,0.002897,2782.0,0.005753,1682.0,0.02201
915186,B,69.05,20.04,0.03483,3.014,0.4076,0.01045,300.2,0.009783,248.7,0.02542
915276,B,69.47,17.67,0.05189,1.787,0.2744,0.01148,328.1,0.02177,272.5,0.02632
91544001,B,85.13,12.58,0.03966,0.9857,0.1811,0.003813,515.3,0.006272,453.1,0.0132
91544002,B,76.08,12.3,0.018,1.318,0.1779,0.008313,411.1,0.01262,366.5,0.0222
915452,B,109.8,20.67,0.0247,1.146,0.2067,0.002569,928.2,0.007394,819.8,0.01344
915460,M,117.7,32.52,0.06019,2.937,0.3331,0.006,909.4,0.009538,731.3,0.02105
91550,B,81.25,13.04,0.04017,1.345,0.1924,0.006822,473.8,0.006982,426.0,0.0226
915664,B,101.7,20.72,0.01482,1.677,0.2182,0.001779,760.2,0.006708,680.7,0.0158
915691,M,113.3,33.67,0.03452,3.093,0.3906,0.004005,844.4,0.005414,556.7,0.01705
915940,B,108.5,37.11,0.03035,2.561,0.4165,0.002281,862.0,0.004953,658.8,0.01539
91594602,M,113.8,38.49,0.02967,2.63,0.386,0.001718,967.0,0.004952,701.9,0.01152
916221,B,79.15,18.19,0.02099,1.491,0.243,0.001217,478.6,0.008577,391.2,0.02434
916799,M,142.2,67.36,0.02913,3.218,0.5449,0.002725,1493.0,0.006176,1052.0,0.01559
916838,M,160.5,59.7,0.03052,3.654,0.5079,0.003391,1646.0,0.005089,1214.0,0.01057
917062,B,99.31,34.37,0.01405,3.176,0.4426,0.003299,674.7,0.005273,493.1,0.01816
917080,B,93.63,28.62,0.01977,2.495,0.3834,0.003629,624.1,0.007509,493.8,0.01805
917092,B,67.84,19.63,0.02197,2.388,0.3538,0.003901,326.6,0.01546,257.8,0.03997
91762702,M,205.7,139.9,0.03571,7.05,0.9915,0.00476,2642.0,0.004989,1841.0,0.01879
91789,B,76.38,9.332,0.003846,0.9812,0.1344,0.002295,435.9,0.0042,388.1,0.01487
917896,B,99.43,26.45,0.02086,2.284,0.3191,0.003747,701.9,0.006739,571.0,0.0187
917897,B,74.32,15.24,0.01062,1.976,0.2498,0.003494,376.5,0.008732,293.2,0.01824
91805,B,63.3,7.254,0.01801,1.069,0.1267,0.003925,275.6,0.007897,221.3,0.01592
91813701,B,101.9,16.07,0.01509,1.443,0.1998,0.001787,719.8,0.004413,551.1,0.01354
91813702,B,87.22,8.955,0.008732,0.7714,0.1166,0.001366,564.9,0.003681,468.5,0.01129
918192,B,94.52,44.74,0.04763,4.091,0.5461,0.005528,653.3,0.01004,594.2,0.01715
918465,B,86.92,18.54,0.01798,1.714,0.2513,0.002234,549.9,0.007327,445.2,0.01962
91858,B,88.52,30.66,0.01737,3.149,0.4384,0.002318,552.3,0.006587,422.9,0.01835
91903901,B,87.0,15.34,0.0184,1.393,0.2067,0.002671,550.6,0.005251,416.2,0.01449
91903902,B,101.6,17.25,0.007078,1.373,0.2047,0.001697,773.4,0.003828,575.5,0.01054
91930402,M,152.0,100.4,0.04093,5.168,0.8336,0.002719,1645.0,0.004938,1299.0,0.02816
919537,B,76.43,10.09,0.04401,1.165,0.1507,0.003534,407.5,0.009501,365.6,0.01322
919555,M,160.2,87.78,0.04005,4.706,0.6986,0.002689,1809.0,0.004578,1308.0,0.01948
91979701,M,104.3,18.54,0.04645,1.895,0.2027,0.003756,728.3,0.006113,629.8,0.01451
919812,B,86.12,20.95,0.01865,2.158,0.2957,0.005824,487.7,0.01288,406.4,0.0156
921092,B,57.17,19.14,0.0,2.492,0.3777,0.006872,248.0,0.01266,178.8,0.02882
921362,B,54.49,11.73,0.09252,1.445,0.2196,0.007551,223.6,0.01547,170.4,0.02105
921385,B,78.78,20.86,0.05553,1.628,0.2784,0.005512,457.8,0.01215,402.9,0.0184
921386,B,113.5,23.11,0.03829,2.615,0.2542,0.006111,808.9,0.007138,656.4,0.02068
921644,B,107.4,27.41,0.01947,2.177,0.3031,0.002626,826.4,0.004775,668.6,0.0187
922296,B,92.48,17.85,0.01498,1.539,0.2351,0.001343,629.6,0.004973,538.4,0.01724
922297,B,99.17,23.12,0.02615,2.076,0.272,0.003599,688.6,0.006298,584.8,0.0149
922576,B,97.58,31.24,0.02021,2.066,0.346,0.002583,729.8,0.005868,573.2,0.02087
922577,B,71.12,12.97,0.01012,1.356,0.2104,0.002606,384.9,0.007086,324.9,0.0156
922840,B,71.08,7.326,0.02613,0.9887,0.1144,0.00589,357.4,0.01027,320.8,0.02277
923169,B,69.1,18.24,0.02337,2.054,0.2957,0.004154,364.2,0.00744,285.7,0.02203
923465,B,83.9,33.0,0.01277,3.564,0.5196,0.002977,505.6,0.008263,361.6,0.02466
923748,B,74.08,20.67,0.0,2.115,0.3163,0.002228,412.3,0.009579,360.5,0.03004
923780,B,77.8,17.85,0.03445,1.994,0.28,0.004723,436.6,0.003495,378.4,0.02912
924084,B,88.1,18.76,0.01328,1.477,0.2409,0.001726,594.7,0.008835,507.9,0.01897
924342,B,62.86,17.86,0.03996,2.121,0.3013,0.004623,295.8,0.01094,264.0,0.03759
924632,B,88.84,16.83,0.03898,1.502,0.2116,0.002801,595.7,0.008412,514.3,0.01695
924934,B,69.57,14.46,0.04804,1.437,0.2199,0.004938,357.6,0.01205,321.4,0.01843
924964,B,67.88,16.8,0.004174,1.648,0.2441,0.002278,347.3,0.01291,311.7,0.02572
925236,B,66.5,29.11,0.0,3.618,0.5375,0.003324,330.6,0.01159,271.3,0.03004
925277,B,105.9,19.54,0.06578,2.224,0.2254,0.004406,733.5,0.004242,657.1,0.01638
925291,B,82.28,16.97,0.05738,1.936,0.2388,0.004738,474.2,0.0082,403.5,0.01488
925292,B,100.2,29.84,0.02071,2.888,0.3645,0.005304,706.7,0.007256,600.4,0.0208
925311,B,75.19,22.81,0.0,2.041,0.3141,0.001773,439.6,0.007594,386.0,0.01989
925622,M,128.7,22.65,0.07359,2.362,0.2602,0.006142,915.0,0.004625,716.9,0.02137
926125,M,179.1,118.8,0.07845,8.758,0.9622,0.006213,1819.0,0.006399,1347.0,0.02057
926424,M,166.1,158.7,0.05198,7.673,1.176,0.004239,2027.0,0.0103,1479.0,0.01114
926682,M,155.0,99.04,0.0395,5.203,0.7655,0.002498,1731.0,0.005769,1261.0,0.01898
926954,M,126.7,48.55,0.0473,3.425,0.4564,0.003892,1124.0,0.005903,858.1,0.01318
927241,M,184.6,86.22,0.07117,5.772,0.726,0.006185,1821.0,0.006522,1265.0,0.02324
92751,B,59.16,19.15,0.0,2.548,0.3857,0.002783,268.6,0.007189,181.0,0.02676
